Popis,Stav zásoby
SYF 505 SKF,0
WÜRTH Čistič brzd,79
WÜRTH mazivo 500ML,21
2200 2RS ET FBJ,0
AGIP FILTR OIL,1
AGIP FORK 5W OLEJ TLUMIČOVÝ,0
AGIP GEAR SYNTH Přev.,2
AGIP RACING 2T,15
AGIP RACING 4T 10W-40,13
AGIP RACING 4T 10W-60,4
AGIP SPEED 2T,0
AH 2316 X,0
AH 2318 X,0
AH 310 X,0
AH 3128,0
AH 316,0
AH(X) 318,0
Aku šroubovák LCDI 18022,1
AL-KO 605-124 FLT,0
ARCANOL (SPEED 2,6) 250 g,0
AS 2542 INA,0
AS 3552 INA,0
AS 5578,0
Autobaterie 12V 100Ah SILVER,0
Autobaterie 12V 125 Ah HD Evolution špunty,0
Autobaterie 12V 125 Ah HD Evolution uzavřená,0
Autobaterie 12V 145Ah HD Evolution,0
Autobaterie 12V 180 Ah HD Evolution,0
Autobaterie 12V 46 Ah Silver,0
Autobaterie 12V 55Ah SILVER,0
Autobaterie 12V 64 Ah Silver,0
Autobaterie 12V 70Ah SILVER,0
Autobaterie 12V 75 Ah Silver,0
Autobaterie 12V 80 Ah Silver,0
AXK 100135,0
AXK 1226 TORR,0
AXK 1528,0
AXK 1730,0
AXK 2542 A INA,0
AXK 3552 TORR,0
B 25-157 A- CG14,0
B 71926 E.T.P4S.UL FAG,0
B 90 P 12046-bronz,0
BAH 0004 AA SKF,0
BAH 0012 AD Ren 19,0
BAH 0013 D 35x72x33 SKF,12
BAHB 311396 B Opel,1
BAHB 311424 B,3
BAHB 311424 B,8
BA2B 309609 AD,0
BA2B 446762 B,1
BA2B 633313 C,1
BA2B 633668 SKF,0
BBYB 631137 SKF,2
BBYB 631139 B SKF,4
BB1B 446740 SKF,0
BB1B 447244 SKF,1
BB1-3065 C,0
BB1-3160 2RS s drážkou,0
Berner 60 ML střední pevnost,7
Berner 60 ML vysoká pevnost,8
Berner čistič brzd,0
Berner čistič brzd 30l,0
Berner čistič skel,10
Berner kluzná pasta měď sprej 400ml,0
Berner mazivo 500ML,20
Berner multisprej POWER/ PREMIUM 400 ml,6
Berner odstraňovač lepidla a těsnění 400 ml,5
Berner sprej teflon 400ml,0
Berner universální spray Super6,5
Berner 60 ml upevnění ložisek,4
BHA 68 Z 9,525x15,875,0
BK 30/38 INA,0
BLCTE 203 FK,30
BMA 30 G3-V2 Scheeberger,0
Boční štípací kleště 180mm,0
Bondix plus K2 10g,1
Bondix super fast 3g K2,1
box na nářadí malý,0
Box na nářadí rozkládací,0
box na nářadí velký,0
Box plastový 410x255x182mm,0
Box plastový 486x276x232mm,0
BPFL 204,0
BRO-MET 80/85x40 -bronz,0
BTHB 329129 AAE SKF,0
BT1B 328688 AC/Q,0
BT1B 329013 Q SKF,0
BT1B 329270/Q SKF,0
BT1-0097 SKF,0
BT2B 445539 FC 12025 S09 SNR,0
BT2B 445620 BB Ren.,0
B1586AT1DDG3WG NSK,0
B15-69 NSK,0
B15-69T1XDDW1NCXCE NSK,0
B17-123T1XDDG8C3 NSK,1
B17-99 83B218UJ4CS16 KOYO,0
B20-141UR/6206R-4C3,0
B22-27/C3 NSK,0
B6-63ZZ,0
B6-63ZZ/,0
B8-85T12DDNCXMC3E NSK,0
CASSIDA GREASE HDS 380gr kartuš,0
Castrol Moly Grease- With,3
CF 12 BUUR IKO,0
CLASSIC MEDUNA PT 10W-40/1L,3
CP 209,0
CR 7475,0
CR 99157 SKF,0
CR 9935 SKF,0
CSK 25-PP-C3 STIEBER,0
CSK 35 M C5,0
D 35BD219T12DDUCG21 35x55x20 NSK,0
D 40BGS11G 40x62x24 NSK,0
D 40BGS39G 40x66x24 NACHI,0
DAC 32550023 32x55x23,2
DAC 355020 RD3X,0
DAC 35520022 Škoda SuperB,2
DAC 30520022 30x52x22,2
DAC 30550023 30x55x23,6
DAC 35520020 IB \M1 35x52x20,3
DAC 35550020 35x55x20,4
DAC 397 200 37,0
DAC 406200206 40x62x20,6,3
DAC 40620024 40x62x24,1
DAC30BG05S5G-2DS Nachi,1
DAC30BG5222-2DS Nachi,2
DAC32BG05S1-2DST Nachi,2
DAC35BG05S16G-2DL Nachi,2
DAC35BG05S7G-2DL Nachi,2
DAC35BG5220-2DL Nachi,2
DAC35BG5222-2DL Nachi,2
DAC40BGS11G-2DS Nachi,1
DAC40BGS12G-2DS Nachi,2
DAC40BGS39G-2DL Nachi,2
DG 1752182 RDHCM Koyo,0
DG 1935 A,0
DIN 5417 75,0
DL 5121 koncovka R 1/4 ´A,0
Dláto 30mm,0
E 12,0
E 13,0
E 15,0
E 6,0
E 8,0
EC 12694 S02 H106 SNR,0
elektrický postřikovač E-Farm 15 litrů,0
ERLING 481,320 těsnění pod výfuk.potrubí,0
ETA-CR-05A22STPXI NTN,1
F 205 FKL,1
F 211 ASAHI,0
F 215,0
F 211 ASAHI,2
F 217644,2 INA,3
F 3-8 M EZO,0
F 6-14 M EZO,0
FC 212 Asahi,2
FC 213 JIB,0
FC 65769 USA,2
Febi 26316,0
FGE 206,0
FGE 209,0
FILTROL 1 LVALVOLINE AIR,2
FLCTE 35 INA ASAHI,2
FRB 10/120,0
FRB 12,5/150,0
FRB 9,5/100,0
FRÉZA SPG 1025 12MM,0
FY 50 TF SKF,0
FY 505,0
FY 510 M SKF,1
FY 60 TF SKF,0
FYJ 510 SKF,0
FYTB 25 TF SKF,0
FYTB 506 M SKF,4
F-125091,18 (F-555 102,01),0
F-213995.1,0
F-216331,0
F-231927 INA 29x48/51,8x18,15,0
F-568895-(NP 765903/NP 919474 TIM) INA,0
G BABSL 72 NBR 902 SI,0
G 10-24-7 BAUMX,0
G 110-130-12 BAUMSL,0
G 208 FKL,0
G 20-35-7 BAUMSL,0
G 22-28-4 INA,0
G 309 NPP/B INA,0
G 8 SKF,0
GE 10 E IKO,1
GE 12 ES,11
GE 15 ES,13
GE 15 ŠSP RUSSIA,0
GE 17 ES,7
GE 17-UK 2RS,0
GE 20 ES,24
GE 20 ES CX,0
GE 20 2RS,14
GE 25 ES,11
GE 25 E,1
GE 25 ES CN,0
GE 25 FW INA,0
GE 25 KRRB INA YEL 205,2
GE 30 ES,17
GE 30 ES ZKL,0
GE 30 KRRB INA,0
GE 35,9
GE 35 2RS,3
GE 40 ES ZKL,12
GE 40 KRR-B INA,0
GE 40 2RS,0
GE 45 ES FBJ,2
GE 45 ES-2RS/FBJ,3
GE 50,11
GE 50 ES 2RS,2
GE 60 ES,3
GE 70 ES,3
GE 8 SKF,0
GE 80 2RS GEG 80ES /LS,0
GEEW 32 ES,1
GEG 25 (SRL 25 2RS),3
GEG 30 (SRL 30 2RS),2
GEG 32 (SRC 32),0
GEG 35 (SRL 35 2RS),0
GEG 40 (SRC 40 2 RS),0
GEG 40 ES 2RS (SRL 40),2
GEG 45 ES 2RS (SRL 45),2
GEG 50 ES 2RS (SRL 50 2RS),2
GEG 60 ES 2RS (SRL 60 2RS),2
GEG 70 ES 2RS (SRL 70 2RS),0
GEH 25 C SKF,0
GEH 35 ES-2RS 35/62,0
GEH 80 ES-2RS,0
GG ME 10 N INA,0
Graf Way 9 kg,1
GSH 25 2RSR-B,0
G309-NPP-B INA,0
H 207,3
H 209,11
H 210,4
H 210,0
H 211 SKF,0
H 211 CN,0
H 211 ZKL,15
H 212,4
H 213,10
H 213 SKF,0
H 2308,0
H 2310,0
H 2311,5
H 2311 SKF,0
H 2312,1
H 2313,2
H 2314,0
H 2316,1
H 2318,0
H 2318 SKF,0
H 2320,0
H 2322,0
H 308,10
H 309,7
H 310,0
H 311,3
H 312,0
H 3122,0
H 3122 SKF,0
H 3124,0
H 3124 SKF,0
H 3128,0
H 313,0
H 315,0
H 316,0
H 317,0
H 318,3
H 320,1
H 322,0
Hadice 500mm,0
HF 1012,0
HF 1216 INA,0
HFL 1022 INA,0
HFL 1226 INA,0
HK 0607,0
HK 0608 SKF,0
HK 0709 TIMKEN,2
HK 0808 SKF,0
HK 0808 SKF,3
HK 0808 TIMKEN,2
HK 0810 SKF,2
HK 0810 SKF,2
HK 0815 (TA 815 Z ) IKO,4
HK 0910,0
HK 0910 (TLA910) IKO,KOYO,3
HK 0912 IKO,3
HK 1010,0
HK 1010 SKF,2
HK 1012,0
HK 1012 IKO (TLA),2
HK 1014 2RS SKF,0
HK 1015 INA,1
HK 1210 TIMKEN,0
HK 1210 TIMKEN,3
HK 1212,13
HK 1216 TIMKEN,3
HK 1216 2RS KOYO-TIMKEN,7
HK 1226/LP,1
HK 1412 SKF,KOYO,TIMKEN,4
HK 1414 RS INA,0
HK 1512,0
HK 1512 KOYO-TIMKEN,5
HK 1514 RS,0
HK 1516 SKF,2
HK 1612 SKF,2
HK 1616 RS TORR,0
HK 1616 2RS SKF,0
HK 1622,0
HK 1712 KOYO,3
HK 1812 KOYO,3
HK 1814 SKF,0
HK 1816,2
HK 1816 SKF,3
HK 2010,0
HK 2012 INA,0
HK 2012 SKF,4
HK 2014,0
HK 2016,0
HK 2016 TIMKEN,2
HK 2018 RS SKF,0
HK 2020,0
HK 2020 SKF/koyo,6
HK 2212 SKF,3
HK 2216,0
HK 2216 TIMKEN,0
HK 2216 SKF,3
HK 2218 RS SKF,3
HK 2220 SKF,4
HK 2512,0
HK 2512 INA,2
HK 2516,0
HK 2520 INA,0
HK 2524,0
HK 2526 SKF,0
HK 2816,0
HK 2820 B INA,1
HK 3016,0
HK 3016 TORR,0
HK 3018 KOYO-TIM,2
HK 3020 INA,5
HK 3020 IKO,6
HK 3038 30x37x38,1
HK 303832,2
HK 3512 TORR 35x42x12,2
HK 3516 INA,1
HK 3516 SKF,3
HK 3516 SKF,0
HK 3518 INA,2
HK 3518 INA,0
HK 3518 RS KOYO-TIM,3
HK 3520 SKF,0
HK 3520 INA,0
HK 3520 INA,4
HK 4016 TORR 40x16x47,4
HK 4020 TORR 40x20x47,1
HK 506038 Čína,0
HK 5520 IKO,0
HLP 46 HYDR.OLEJ,0
HM 803110/2/QCL7C SKF,0
HM 803146/2/QCL7C SKF,0
HM 804846/HM 804810 (99401),0
HM 88547 TIM,0
HM 88649/610 TIM,0
HM 88649/88610 TIM,0
HMK 2015,0
HMK 2520,0
HM803146/803110 TIM,0
Horní uložení,0
IA M 8052/350g silikono-teflon,0
IA 103 10g,13
IA 103 50 ml,0
IA 105 10g,12
IA 105 50 ml,0
IA 303-03 10g,19
IA 609 10g,13
IA 609/20ml IMPACT,0
IR 25x29x20 SKF,0
IR 35x40x20 TOOR,0
IR 8x12x10,5,0
J 1010 TIM USA,0
JAF 20 LS (SIBP 20 S),0
JEH 1x16,0
JEH 1,5x7,8,0
JEH 2x11,8,0
JEH 2,5x11,8,0
JEH 2,5x15,8,80
JEH 2,5x19,8,50
JEH 2,5x23,8,0
JEH 2,5x9,8,0
JEH 3x13,8 A5,3
JEH 3x17,8,32
JEH 3x19,80,0
JEH 3x23,8 A2,0
JEH 3x27,8,0
JEH 3x29,8 A5,0
JEH 4 x 8,0
JEH. 1,5x13,8,0
JEH. 5x29,8,0
JEH. 5x49,8,0
JEH.3,5X29,8,0
JEH.6x10,0
JL 69349/310/Q,1
JL 819349/819310 TIM,0
JLM 104948 AA SKF,0
JLM 104948/910 TIM,0
JLM 506849/810 TIMKEN,0
JLM 714149/714110 TIM,0
JL69349/310JL TIMKEN,0
JM 205149/205110 TIM,2
JM822010 TIMKEN,0
JM822049 TIMKEN,0
K 10x14x13 INA,0
K 10x16x12 TIM,1
K 12x15x13 SKF,1
K 12x15x15,0
K 12x16x13,1
K 12x16x13 F TIM,0
K 12x17x10 IKO,0
K 14x18x10 TORR,0
K 14x18x13 TORR Ojnice,0
K 14x18x13 SKF,0
K 14-18-10,0
K 15x19x13,0
K 15x19x13 SKF,1
k 15X19X13 INA,1
K 15x20x13 koyo-TIM,1
K 16x20x10 F Koyo,0
K 16x20x17 INA,3
K 16x22x20 (KT..C3) IKO,0
K 17x21x13 INA,2
K 20x24x17,0
K 20x26x17,3
K 20x28x20 (KT..C3) IKO,0
K 22x28x17,0
K 25X 30X13 DESTA,0
K 25x29x13 Koyo,3
K 25x30x13,1
K 25x30x13 Koyo,3
K 25x30x20,3
K 25x30x20 SKF,0
K 25x33x20,0
K 28x33x13,5
K 30x35x20,10
K 30x35x27 SKF,3
K 35x45x20,0
K 35x45x20 FH Koyo- Tim,4
K 35x45x30,0
K 40x45x17,5
K 40x45x27 SKF,0
K 40x45x27 SKF,0
K 45x49x19 INA,0
K 55x60x17,0
K 55x60x30,4
K 55x63x20,0
K 60x65x20,0
K 60x68x20 INA,0
K 75x83x23 INA,0
K 80x88x30,0
K 80-88-55 INA,0
K 81120 INA/SKF,0
K 85x92x20,0
KB40-PP INA,0
KH 1026 PP,0
KH 207 (SA 207) ASAHI,2
KH 208 (SA 208) ASAHI,0
KH 209 (SA 209) ASAHI,1
KH 209 (SA 209) s drážkou,0
KHFCC 206 JIB,0
KHLCTE 206,0
Kleště Knipex segr.vně.19-60mm,0
kleště kombinační 200mm,0
Kleště nýtovací,0
klíč očkoplochý ráčnový 22 mm,0
Kloubové vratidlo 1/2" 460mm,0
Kloubové vratidlo 1/2" 460mm,0
Kloubové vratidlo 1/2" 600mm,0
Kloubové vratidlo 1/2" 600mm,0
KM 10,8
KM 11,8
KM 12,20
KM 13,4
KM 14,9
KM 15,3
KM 16,2
KM 18,4
KM 2,0
KM 20,2
KM 22,0
KM 23,0
KM 24,0
KM 4,16
KM 5,18
KM 6,22
KM 7,28
KM 8,30
KM 9,31
KOLÍKOVÁ BRUSKA BPT-DG T,0
KONCOVKA R 1/4' A DL 5121,0
Krytka pro měřící bod,0
KT 10x14x13,0
KT 455320,0
KU 0605,9
KU 1015,0
KU 1020,0
KU 1215,0
KU 1216,0
KU 1220,0
KU 1515,0
KU 1520,0
KU 1615,0
KU 1620,0
KU 1625,0
KU 1630,0
KU 1815,0
KU 1820,0
KU 2020,0
KU 2025,2
KU 2030,2
KU 2220 B10,0
KU 2225,0
KU 2430,0
KU 2515,0
KU 2525,3
KU 2530,8
KU 2540,1
KU 2550,3
KU 3015,0
KU 3025,0
KU 3030,13
KU 3040,2
KU 3050,0
KU 3530,0
KU 3540,0
KU 4030,4
KU 4040,4
KU 4050,0
KU 6060,6
KU 6550,2
KU 6560,2
KU 7560 PAP,2
KU 8060 PAP8060,2
KU 8080 PAP8080,0
Kulička 11,1,0
Kulička 11,906,54
Kulička 12,46
Kulička 12,7,32
Kulička 15,081,22
Kulička 16,23
Kulička 16,0
Kulička 17,462,42
Kulička 18,256,0
Kulička 19,05,25
Kulička 19,844,23
Kulička 1,500,70
Kulička 1,588,98
Kulička 2,116
Kulička 20,00,0
Kulička 2,381,100
Kulička 2,5,78
Kulička 3,87
Kulička 30,2
Kulička 3,5,78
Kulička 3,969,53
Kulička 4,30
Kulička 4,5,82
Kulička 4,50 mm,0
Kulička 4,762,302
Kulička 5,120
Kulička 5,556,50
Kulička 6,117
Kulička 6,350,51
Kulička 6,5,42
Kulička 7,129
Kulička 7,144,50
Kulička 7,9888 nerez,45
Kulička 8,44
Kulička 9,31
Kulička 9,0
Kulička 9,525,34
KX 1615,6
KX 1714,2
KX 2025/22,0
KX 2025/22,0
KX 2525,0
KX 2530,6
KX 2540 válcové pouzdro mazací kapsičky,6
KX 3020,0
KX 3030,3
KX 3030 válcové pouzdro mazací kapsičky,2
KX 3040,0
KX 4030,0
KX 4050,0
KX 4550/ 22,0
KX 5550,0
KX 6530,6
KX 80100/22,0
Kyvné oko BEF 8 M8 DURBAL,0
kyvné oko FBF 10 (SIJK),1
kyvné oko FBF 8,2
kyvné oko FBM 12 FL,0
kyvné oko FBM 8,2
kyvné oko JAM 12 P.,0
kyvné oko SALBT10,0
K40x45x17 IKO,0
L 17,0
L 17 NSK,0
L 44643/44610,19
L 44649/44610 TIM,2
L 44649/44610 TIM,0
L 45449/45410,14
L 68149/68111 TIM,1
LB 3201 B-2RSRSTNG NSK,0
LBAS 30-2LS SKF,7
LBCR 50 A-2LS/ SKF,0
LCTE 204FK,0
LE 205,0
LEF 211 FKL,0
LEG 208 (FYC 508),0
LES 207 FKL,0
LES 208 FKL,0
LES 210,0
LES 211,0
LES 212 (SY 60 TF),0
LET 206,0
LEV 205 FKL UCPA,0
LGHP 2/0,4 kartuš SKF,7
LGHP 2/1 1kg SKF,1
LGHP 2/5 5kg SKF,0
LGLT 2/02 kartuš SKF,0
LGLT 2/02 tuba 200g SKF,0
LGMT 2/0,4 SKF Mazivo,0
LGW 25 HC HIWIN,0
LGWA 2/04 kartuš SKF,0
Lit Way 4S2 9 kg,0
Lit Way 4S3 9 kg,0
LK 208 FKL,0
LM 11949/11910,7
LM 1002949/LM102910,0
LM 102949/910,0
LM 11749/710,14
LM 11749/710/QVC027 SKF,0
LM 11949/910,18
LM 12710 TIM,0
LM 12749 TIM,0
LM 12749/711/Q SKF,0
LM 300849/811,0
LM 48286/48220 TIM,0
LM 501349/310,0
LM 503349/310QCL7C SKF,0
LM 503349/503310 Timken,0
LM 603049/011,0
LM 603049/014 TIM,0
LM 67048/10 Favorit zad.,17
LM 67390/67322 TIM,0
LM 806649/610 KOYO,0
Loctite 518 10 ml.,0
Loctite SI 598 300ml,2
Loctite 222 /50ml,0
Loctite 232 50ml,0
Loctite 243 /5ml,9
LOCTITE 243/ 50ML,0
Loctite 248 blistr 9g,0
Loctite 268 blistr 9g,0
Loctite 270 10 ml,2
Loctite 2701 5 ml,3
Loctite 2701 50 ml,0
Loctite 278 50 ml,0
Loctite 3450 2 slož.lepidlo,5
Loctite 406 20 g,3
Loctite 408 50 g,0
Loctite 510 250g,11
Loctite 5188 50ml,0
Loctite 542 10ml,0
Loctite 542 50ml,0
Loctite 5699 300 ml Kartuš,3
Loctite 574 50ml,0
Loctite 577 50 ml,2
Loctite 586 /50ml,4
Loctite 5910 100ml,0
Loctite 5922 60 ml,1
Loctite 5922 Plošné blistr 300 ml.,3
Loctite 5926 40ml,3
Loctite 603 10ml,4
Loctite 620 50ml,0
Loctite 638 50ml,0
Loctite 648 / 50 ml,0
Loctite 770/ 10 G Aktiv.,1
LR 207-X-2RS INA,9
LRT 506040,0
LR203-2RSR INA,0
LSGR 207 TBS FKL,0
Lukopren S 9780 310 ml červený,23
Lukopren S 9780 80 ml cihla,3
Lukopren S 9780 25 ml cihla,9
Lukopren S 9880 310 ml šedý,0
LY 208-108 2F FKL,0
LYG 209,0
M 12649/12610 SKF,0
M 802048/M 802011 (99403),2
M 84249/84210,0
M 85-105-12,0
M 86649/86610 TIM,0
M 88010 TIM,0
M 88043/M88010 TIMKEN,0
M 88048 TIM,0
Magnetická miska skládací,0
Mazací akumulátorový lis TLGB 20,0
Mazací lis TLGB 20 Lincoln,1
Mazací lis 250 cm,0
Mazací spojka 01829-101829,0
MB 10,21
MB 11,25
MB 12,15
MB 13,12
MB 14,14
MB 15,2
MB 16,2
MB 17,0
MB 18,4
MB 2,0
MB 20,2
MB 22,0
MB 24,0
MB 4,35
MB 5,20
MB 6,20
MB 7,37
MB 8,21
MB 9,40
MF 106 ZZ EZO Japan,4
MF 95 2Z IBE,5
MJT 1 1/8 M RHP,0
MO 424-15 RAE30-NPP-B,0
MOBILUX EP 2 5 kg EU-ML,0
Modul s nářadím 4dílný sada kleští na poj.kroužky,0
MOGUL G 3 / dóza 250 g,5
MOGUL LV 2-3 K250,0
MOGUL LV 2-3 TK8 kg,0
MOL Liton LTA 3EP,0
MR 105 EZO Japan,0
MR 105 ZZ EZO Japan,25
MR 115 ZZ EZO Japan,9
MR 126 ZZ EZO Japan,0
MR 148 ZZ EZO Japan,6
MR 52 ZZ EZO,0
MR 63 ZZ EZO,0
MR 74 ZZ EZO,0
MR 83 ZZ EZO,0
MR 84 ZZ EZO,0
MR 85 ZZ NEREZOVÉ,1
MR 95 2Z EZO,7
MUCP 209 celonerezové,0
M84548/M84510,2
M-DELVAC XHP ULTRA 5W30 208 L,0
M-DELVAC XPH EXTRA 10W40 DRUM-M 208,0
M-GEAR 600 XP 200,0
M-MOBILFLUID 424 PAIL 20L,0
M-UNIREX N 3 PAIL 5 kg,0
N 204,0
N 211-E-TVP-C3 FAG,0
N 215,0
N 2207,0
N 305,2
N 307,2
N 309 ECP SKF,0
N 311,3
N 311 NA,0
NA 4004 V,0
NA 4005 V,0
NA 4008 V,1
NA 4010,0
NA 4901 DKF,0
NA 4902,0
NA 4902 2RS,0
NA 4903 CRA,0
NA 4904 DKF,11
NA 4905,0
NA 4905 18 jehel,4
NA 4906 V,0
NA 4908,0
NA 4909,0
NA 4909,6
NA 4910,0
NA 4911 SKF,0
NA 4911 V,0
NA 4912 V,0
NA 4916 IKO,0
NA 4916 ZBTN6APZSX,0
NA 6903 SKF,0
NA 6904 SKF,2
NA 6904 SKF,0
NA 6905 INA,3
NA 6912 IKO,0
Nádoba na olej s výl. 16l,0
Nástavec dlouhý 125mm 3/8",0
Nástavec 3/8" dlouhý 250mm,0
Nástavec 3/8" krátký 75 mm,0
NASTAVITELNÝ KLÍČ NA OLEJOVÉ FILTRY 106-156MM,0
NATR 8 PP SKF,0
NATR 8 PPXA SKF,0
Naviják automatický vzduchový 15m,0
NF 208 NSK,0
NF 5306 NV AUTO,0
NG 160 NA 80 TATRA 148,0
NJ 203 ECP,0
NJ 204,3
NJ 205,1
NJ 206,5
NJ 206 ETC3 (NSK),1
NJ 206 NA,0
NJ 207,3
NJ 208,1
NJ 209 E,1
NJ 210 E,4
NJ 210 ECP SKF,0
NJ 211 E,3
NJ 211 ECP/C3 SKF,0
NJ 212,0
NJ 213,0
NJ 217 Nachi,0
NJ 217 E,4
NJ 2203 SKF,4
NJ 2205,2
NJ 2205 -E-M1 C3,0
NJ 2206 NA,0
NJ 2207,3
NJ 2207 ECP SKF,0
NJ 2207 ECP/C3 SKF,0
NJ 2208,4
NJ 2209,2
NJ 221,0
NJ 2210,2
NJ 2211,0
NJ 2212 EZS,7
NJ 2213 E,2
NJ 2214 ECP SKF,0
NJ 2216,2
NJ 2304,0
NJ 2305,2
NJ 2307,0
NJ 2307 EMAS P63,0
NJ 2309 E,2
NJ 2315,0
NJ 304,5
NJ 305,4
NJ 305 SKF,1
NJ 305 C3,0
NJ 306,0
NJ 306 C3,0
NJ 307,3
NJ 307 ECP NTN,0
NJ 308,3
NJ 309,2
NJ 309 C3,0
NJ 310,2
NJ 310 ETNG,1
NJ 311,3
NJ 313,1
NJ 313 N,0
NJ 314,0
NJ 315,1
NJ 315 NA,0
NJ 316,0
NJ 406,0
NK 1012 TORR,0
NK 12/12 TAF 121912 IKO,0
NK 12/16 IKO,0
NK 14/16 IKO,0
NK 14/20 IKO,0
NK 15/16 SKF,3
NK 16/16 (TAF24/16) IKO,2
NK 16/20 SKF,0
NK 17/20 IKO,0
NK 18/20 Koyo, Tim,0
NK 22/20 TIMKEN 22X30X20,2
NK 24/16 (TAF 243216) IKO,1
NK 24/20 INA 24x32x20,5
NK 29/30 (TAF293830) IKO,0
NK 30/30 A Timken,0
NK 35/30 IKO,0
NK 45/20 INA,0
NK 5035 INA,0
NK 50/35 FAG,2
NK 5/10 SKF,0
NK 7/12 TN SKF,0
NK 8/12 SKF,0
NK 8/12 TN SKF,0
NKI 28/20 JAPAN,0
NKI 10/16 A (NKJ) TIM,2
NKI 15/16 SKF,0
NKI 17/20 A (NKJ),0
NKI 25/20 SKF,1
NKI 35/30 SKF,0
NKI 40/30 INA,0
NKI 9/12,0
NKIA 5911 INA,0
NKS 25 INA,0
NKS 25 SKF,0
NKS 75 NKIS 65 INA,1
NMF 5009 ADA-2LSV SKF,0
NN 3010 K/P5,0
NN 3011 K P4,0
NN 3015 K P4,0
NN 3016 K P51 80x125x34,0
NN 3018 K P51,0
NN 3021 K P51,0
NN 3022 K P52,0
NN 3024 K P51,0
NNF 5010 ADB-2LSV SKF,0
Notebook Acer Aspire 5750G -234G75MNkk,0
NP 144863/NP 294963 TIM,0
NTB 5578 IKO,0
NU 1008 MP SKF,0
NU 202/c3vk154 SKF,0
NU 203 ETN DKF,0
NU 204,0
NU 204 ECP SKF,0
NU 205,0
NU 205 ECP SKF,0
NU 206 ETNG,1
NU 206 E/N,0
NU 207,0
NU 207 ECP SKF,0
NU 208 ECP SKF,0
NU 209 E,1
NU 210,0
NU 212,0
NU 214,0
NU 215 ECP SKF,0
NU 216,0
NU 217 ECP/C3 SKF,0
NU 218 E NSK (TIM),1
NU 220 ECML/C3,0
NU 2205 DKF,0
NU 2205 25x52x18,2
NU 2206 30x62x20,0
NU 2208 40x80x23,3
NU 2209 ZKL 45x85x23,0
NU 2210 ZKL 50x90x23,0
NU 2211 55x100x25,0
NU 2211 ECP SKF,0
NU 2212 ZKL 60x110x28,1
NU 2212 ECP SKF,0
NU 2213 ZKL 65x120x31,0
NU 2213 ECP/C3 SKF,3
NU 22/32 EN,0
NU 22/32 EN C6,0
NU 2305 E,2
NU 2306 ZVL 30x72x27,4
NU 2307 ETNGP DKF 30x80x31,1
NU 2312,0
NU 304 20x52x15,1
NU 304 SKF,1
NU 305,0
NU 306 32x72x19,2
NU 307 35x80x21,0
NU 308 40x90x23,4
NU 309,0
NU 310,0
NU 311,0
NU 313,0
NU 314,0
NU 315 75x160x37,3
NU 316,0
NU 317 E,0
NU 318 NA 90x190x43,1
NU 4906 DKF,2
NU 4910 V,1
NU 4911 TNG DKF,0
NU 4912 V DKF,2
NUP 205 ZKL,1
NUP 206 ZKL,0
NUP 207 FAG,0
NUP 208 ECP 7 C3/SKF,1
NUP 209,0
NUP 210 ZVL,0
NUP 2205 ZKL,0
NUP 2213 ZVL,0
NUP 2213 ET C3 NSK,0
NUP 2213 ETV FAG,0
NUP 2214 ZVL,0
NUP 2310 ECP SKF,0
NUP 2311 M,0
NUP 306,0
NUP 308 ZKL 40x90x23,2
NUP 308 ECP SKF,0
NUP 309 ZKL,0
NUP 309 ECP SKF,0
NUP 313 ECP SKF,0
NUP 313-E-TVP2-C3 FAG,0
NUTO H 46 MOB.,0
NUTR 25 X,0
Nůžky el.bimateriální rukojeť,0
Oboustranný klíč 13x17mm,0
Oboustranný klíč vyhnutý 10x11mm,0
Oboustranný klíč vyhnutý 12x13mm,0
Oboustranný klíč vyhnutý 13x17mm,0
Oboustranný klíč vyhnutý 14x15mm,0
Oboustranný klíč vyhnutý 16x17mm,0
Oboustranný klíč vyhnutý 17x19mm,0
Oboustranný klíč vyhnutý 18x19mm,0
Oboustranný klíč vyhnutý 19x22mm,0
Oboustranný klíč vyhnutý 20x22mm,0
Oboustranný klíč vyhnutý 21x23mm,0
Oboustranný klíč vyhnutý 22x24mm,0
Oboustranný klíč vyhnutý 24x27mm,0
Oboustranný klíč vyhnutý 6x7mm,0
Oboustranný klíč vyhnutý 8X10mm,0
Oboustranný klíč vyhnutý 8X9mm,0
Oboustranný klíč 10x11mm,0
Oboustranný klíč 10x11mm,0
Oboustranný klíč 10x12mm,0
Oboustranný klíč 10x13mm,0
Oboustranný klíč 10x13mm,0
Oboustranný klíč 11x12mm,0
Oboustranný klíč 11x13mm,0
Oboustranný klíč 12x13mm,0
Oboustranný klíč 13x14mm,0
Oboustranný klíč 13x15mm,0
Oboustranný klíč 13x16mm,0
Oboustranný klíč 13x17mm,0
Oboustranný klíč 14x15mm,0
Oboustranný klíč 14x15mm,0
Oboustranný klíč 14x17mm,0
Oboustranný klíč 16x17mm,0
Oboustranný klíč 16x18mm,0
Oboustranný klíč 17x19mm,0
Oboustranný klíč 17x19mm,0
Oboustranný klíč 18x19mm,0
Oboustranný klíč 18x21mm,0
Oboustranný klíč 19x22mm,0
Oboustranný klíč 19x24mm,0
Oboustranný klíč 20x22mm,0
Oboustranný klíč 21x23mm,0
Oboustranný klíč 22x24mm,0
Oboustranný klíč 22x24mm,0
Oboustranný klíč 24x26mm,0
Oboustranný klíč 24x27mm,0
Oboustranný klíč 24x27mm,0
Oboustranný klíč 4x5mm,0
Oboustranný klíč 5,5x7mm,0
Oboustranný klíč 6x7mm,0
Oboustranný klíč 6x7mm,0
Oboustranný klíč 6x9mm,0
Oboustranný klíč 7x8mm,0
Oboustranný klíč 8x10mm,0
Oboustranný klíč 8x10mm,0
Oboustranný klíč 8x9mm,0
Oboustranný klíč 8x9mm,0
Oboustranný klíč 9x10mm,0
Očkoplochý klíč 10mm,0
Očkoplochý klíč 11mm,0
Očkoplochý klíč 12mm,0
Očkoplochý klíč 13mm,0
Očkoplochý klíč 14mm,0
Očkoplochý klíč 15mm,0
Očkoplochý klíč 16mm,0
Očkoplochý klíč 17mm,0
Očkoplochý klíč 18mm,0
Očkoplochý klíč 19mm,0
Očkoplochý klíč 20mm,0
Očkoplochý klíč 21mm,0
Očkoplochý klíč 22mm,0
Očkoplochý klíč 6mm,0
Očkoplochý klíč 7mm,0
Očkoplochý klíč 8mm,0
Očkoplochý klíč 9mm,0
Odizolovací kleště na izolované koncovky,0
Ohřívač vody Qvantum,0
Ovladač pákový 1/2" 400mm,0
P 213 JIB,0
Pákový lis 500ccm odvzduš.ventilem,0
Pár podpěr nosnost 12t,0
Pár podpěr nosnost 6t,0
PCMF 353926/SKF,0
PDC 202 40-62-20,6 klima,0
PDC 418 Klima,1
Permatex-Dvousložkový,0
Pero 14871009,0
PE-BJ-3347,2
PFL 204 Pozink,0
PFL 205 NEUTR.,0
PGE 12 FLT,0
Pila na kov s pružnou čepelí,0
Plastový box 486x276x232,0
PLC 03-29-1,0
PLC 03-73,2
PLC 04-23,0
PLC 04-24,0
PLC 05-13,2
PLC 06-3,3
PLC 07-2 Vodící kladka ještěrka,0
PLC 15 - 2,0
PLC 15-12 FAV. PŘEDNÍ,0
PLC 23-4 511 Z 30,0
PLC 23-5,0
PLC 23-7,0
PLC 23-8-1,0
PLC 24-2 spojkové ložisko,0
PLC 44-13,0
PLC 63-4,0
PLC 64 - 7 ZKL,0
PLC 64 - 8,0
PLC 64-2,2
PLC 64-3,0
PLC 64-4,0
PLC 64-4-2,2
PLC 65-3,0
PLC 65-4,0
PLC 76-3,3
PME 40 N INA,4
PME 40 N INA,0
PME 50 N INA Domeček,0
Pneumatická ráčna 1/2,0
Podložka karosářská,0
Pojízdné montážní lehátko,0
Pojízdný hydraulický zvedák 3,2t,0
Posuvné měřítko,0
poštovné,-1
Pouzdro na notebook černý,0
pouzdro 30/38x30 SINTB,0
pouzdro 30/38x50 SINTB,0
pouzdro 35/39x50,0
pouzdro 45/50x40 mm,0
PP MK120/125/140X60,0
Profi stavitelná podpěra 10t,0
PSM 253030,0
PT 911 / 310ml,1
PT 911/300ml,1
PWM 404830 pouzdro kluzné vinuté vlákno SKF,0
PWM 505840 pouzdro kluzné vinuté vlákno SKF,0
PWM 657540 pouzdro kluzné vinuté vlákno SKF,0
PWTR 2052 2RS X,0
QJ 206 MPA FAG,0
R 10 ZZ (15.8 x 34.9 x 8.7),2
R 12 ZZ (19.05 x 41.2 x 11.1),0
R 12 2RS (19.05 x 41.2 x 11.1),0
R 12 2RS EZO,2
R 14 2RS (22.2 x 47.6 x 12.7),0
R 166 2Z (4,76x9,53x3,17),4
R 188 2Z EZO,10
R 188 2Z EZO,7
R 2-5 2Z IB E,0
R 3 ZZ (4.762 x 12.7 x 4.978),15
R 4-A/ZZ,0
R 6 2RS (9.525 x 22.225 x 7.142),0
R 8 ZZ / ZEN/EZO,9
R 8 2RS (12.7 x 28.575 x 7.9),0
Racing 2T 1 l,3
Ráčna 1/2" celokovová s páčkou 262mm,0
Ráčna 1/2" s kolečkem leštěná 257mm,0
Ráčna 1/2" s páčkou 262mm,0
Ráčna 1/4" celokovová s páčkou,0
Ráčna 1/4" s kolečkem,0
Ráčna 1/4" s páčkou,0
RAE 30 NPP-B INA,0
Regály,0
RENOLIT LXC 2 400g,0
RENOLIT LXC 2 5 Kg,0
RMS 11 JAP,0
RMS 14 JAP,0
RMS 9 JAP,0
RNA 4006 V,0
RNA 4900 IKO,0
RNA 4902 IKO,2
RNA 4906 DKF,4
RNA 4910 SKF,0
RNA 4912 IKO,0
RNA 6901 IKO,1
RNA 6906 IKO,0
RNA 6912 /IKO Japonsko,0
RNA 69/28,0
RNA 69/28 IKO,0
RNAO 25x35x26 INA,1
ROZPRAŠOVAČ PRO ČISTIČ BRZD,0
Rukojeť ohnutá 1/2 " 200mm,0
R3 ZZ,3
R3 2Z EZO,1
R8 2RS EZO,5
R-6 ZZ/EZO,8
S 510,0
S 518,1
S 609 KUVAL,0
SA 12 C SKF,0
SA 204,9
SA 204-12 KH 204-12,0
SA 205 RHP,0
SA 205/ KH 205,11
SA 206,2
SA 206 JIB,5
SA 207 KH,6
SA 208 KH,3
SA 209 KH 209,3
SA 210,0
Sada klíčů 8dílná v plastovém držáku,0
Sada bitů 19dílná,0
Sada důlčíků 6dílná,0
Sada důlčíků 6dílná,0
Sada hlavic 73dílná 1/4,0
Sada hlavic 1/2" na liště 16dílná,0
Sada hlavic 1/2" 26dílná,0
Sada klíčů DIN 895 7dílná,0
Sada klíčů DN 895 12dílná,0
Sada klíčů 9dílná IMBUS v palcích,0
Sada nástrčných hlavic 1/4" 34dílná,0
Sada očkových klíčů DIN 838 8dílná,0
Sada OP klíčů DIN 3113 22dílná,0
Sada OP klíčů v krabici a vinilu 8dílná,0
Sada prúmyslových hlavic 1/2" 17dílná,0
Sada ráčnových klíčů 12dílná,0
Sada šroubováků 10 dílná,0
Sada šroubováků 6dílná IMBUS,0
Sada šroubováků 6dílná přesných MICRO,0
Sada šroubováků 9dílná IMBUS,0
Sada šroubováků 9dílná IMBUS v palcích,0
Sada šroubováků 9dílná IMBUS v palcích,0
Sada zástrčných hlavic 1/4" 10dílná TORX,0
Sada zástrčných klíčů 6tihranných prodloužených 9d,0
Sada 1/4" nářadí Stanley 1-89-034,0
Sada 9díl klíčů 6tihranných prodloužených s kuličk,0
Sada 9-dílná 6 hran.klíčů s kuličkou TONA,0
SB 204 1 přesah Asahi,2
SB 205 1 přesah,8
SB 205 1 přesah ASAHI,6
SB 206 KOREA,3
SB 206 (UE206) JIB,5
SBLF 205,0
SBLF 206,0
SBPP 208,0
SC 203 2RS,0
SC 204 2RS,4
SC 205 2RS,4
SC 206 2RS,7
SC 207 2RS,1
SC 208 2RS,3
SC 209 2RS JIB (SC 209 2RS),5
SC 210 2RS,4
SC 211 2RS,0
SCE 108 INA Jeh.Lož.,0
SC03A39-CS20 NTN 17x42x13,1
SF 4454 PX1 NTN,0
SGE 207,0
SGE 208,0
Shell Gadus S2V/1002 400g/ kartuš,7
SI 12 E SKF,0
SI 12 E SKF,0
Siko kleště se stavítkem 300mm,0
SN 510,0
SN 511,0
SN 512,0
SN 513,1
SN 516,0
SN 520,0
SN 60Sada 1/4" bitů 62dílná,0
SNL 513 - 611 SKF,0
SNR AB 41376 S01 (25X59X17,5 s drážkou),0
SNR EC 12468.SO1.H206,0
SNR EC 12625.SO2.H206,0
SNR EC 12890.SO1.H206,0
SNR FC 12025 S09,0
Spec Way EP-2 9 kg,0
SR 160x12,5,3
SR 35 (GE 35 ES) LS,0
SR10780,0
Stahovák TMMP 120 F SKF,0
Stahovák TMMP 2x65 SKF,0
Stahovák TMMR 160 F SKF,0
Stavební hřebík 4x110,0
Stavební hřebík 4x120,0
Stavební hřebík 5,6x160,0
Stavební hřebík 6,3 x200,0
Stavební hřebík 7,1x220,0
Stavební hřebík 7,6x250,0
SX 05A52 C3,0
SY 35 TF SKF,0
SY 40 SKF,0
SY 40 FM SKF,0
SY 508 M,6
S8M - 1780 DA,0
S-R 1212 2Z JAP,1
T 207 FK,0
TA 1720 Z IKO,0
TA 2015 Z,0
TA 2210 Z IKO,0
TAB 007CV47/6007-2RS/C3,0
TAXI LED9KW,0
Tekutý kov ZOL-KOV/100g,2
TIGROL GEAR SHC 75W-90,3
TIGROL GREASE EP 2 0,4 KG,1
TIGROL GREASE EPX 2 0,4 kg-modrý,12
TIGROL GREASE EPX 2/ 5 kg-modrý,0
TS 25 C (TAC 225),0
TS 25 N (TPN 325),0
TS 30 C (TAC 230),0
TS 35 C (TAC 235),0
TSN 513 L SKF,0
TSN 518 L SKF,0
TSN 520 L SKF,0
T4CB100 P6X,0
T7FC 045 Koyo,1
UC 203 JIB,3
UC 204,8
UC 204 Asahi,2
UC 204 JIB,0
UC 205,8
UC 205 FG,0
UC 206,9
UC 206 ASAHI,8
UC 206 FG,0
UC 207,7
UC 207 FK,0
UC 207 Asahi,4
UC 208 ASAHI,5
UC 209,4
UC 209 Asahi,2
UC 209-28,3
UC 210,7
UC 210 ASAHI,3
UC 212,5
UC 212 ASAHI,0
UC 213 ASAHI,0
UC 214,0
UC 215 ASAHI,0
UCEH 205 ASAHI JAPAN,0
UCF 205,6
UCF 205 ASAHI Japan,4
UCF 206,6
UCF 206 ASAHI Japan,3
UCF 207 ASAHI Japan,7
UCF 207 FGJ,8
UCF 208,5
UCF 208 ASAHI Japan,5
UCF 209,6
UCF 209 ASAHI Japan,3
UCF 210,6
UCF 210 ASAHI Japan,3
UCF 210 FKL lož UG,2
UCF 210 2F.Y FKL,6
UCF 211,4
UCF 211 ASAHI,2
UCF 212 ASAHI,2
UCF 216,0
UCF 217,0
UCF 310 ASAHI Japan,0
UCFA 206 JIB,0
UCFC X 12 ASAHI,0
UCFC 205 ASAHI Japan,2
UCFC 206,0
UCFC 207 ASAHI,2
UCFC 208,5
UCFC 209,0
UCFC 210 ASAHI Japan,0
UCFC 212 ASAHI Japan,2
UCFC 216 D1 NSK,0
UCFCX 20 D.100,0
UCFL 201,0
UCFL 204,14
UCFL 205,4
UCFL 206,12
UCFL 206 ASAHI Japan,3
UCFL 207 ASAHI Japan,5
UCFL 207 D1,9
UCFL 208 ASAHI Japan,2
UCFL 210 CN,4
UCFS 309 ASAHI,0
UCFX 10,0
UCP 201,10
UCP 202,0
UCP 203 FK,2
UCP 204,9
UCP 205,6
UCP 205 ASAHI Japan,4
UCP 206,7
UCP 206 ASAHI Japan,3
UCP 206 LES 206 FKL,3
UCP 207,4
UCP 207 ASAHI Japan,3
UCP 208,4
UCP 208 ASAHI Japan,2
UCP 209 ASAHI Japan,2
UCP 210,6
UCP 210 ASAHI Japan,2
UCP 210 CN,9
UCP 211,0
UCP 212,8
UCP 213 ISB,0
UCP 310 ASAHI,0
UCPA 204 LEV 204,0
UCPA 205 (LEV 205),2
UCPA 206 LEV 206,0
UCPA 207 (LEV 207),0
UCPA 208 ASAHI Japan,1
UCPA 208 KR JIB,0
UE 205 2S FKL,0
UELFC 212 (UGFC),0
UGP 208 JIB,0
UK 210 JIB,0
UK 211 ASAHI,3
UK 212 ASAHI,1
UK 213 JIB,0
UK 310 ASAHI,0
UKF 210 K FKL,1
UKF 210 K JIB,2
UKF 211 ASAHI,0
UKF 212 K JIB,0
UKFC 216,0
UNIWAY LIX 62 0,4 kg,0
Utahovák BPT-IW 12PR IND,0
UY 206 2S.Y FKL,4
UY 208 FKL,0
UY 209 FKL,0
U004,0
Val 10x10,40
Val 12-18,0
val 5,5-5,5 AS 1730,0
válcové pouzdro mazací kapsičky 35/40x15,6
válcové pouzdro mazací otvory 16/18x15,6
válcové pouzdro mazací otvory 17/19x14,2
Val. 18x18,50
Val. 3x8,0
Val. 3,9x9,9,50
Val. 4x6,0
Val. 4x8,0
Val. 5x 49,8,0
Val. 5x10,15
Val. 5x12,0
Val. 5x29,895,0
Val. 5x8,0
Val. 5,5-5,5,0
Val. 6x10,0
Val. 6x12,0
Val. 6x8,0
Val. 8x14,13
Val. 9x9,0
VKBA 1327 3350.18 SKF,0
VKBA 1333 Escort V,VI,VII/Fies,0
VKBA 1431,0
VKBA 1444 3350.29,0
VKBA 1948 (BAH 0028 AA),0
VKBA 1949 (JPN 20L3010 JPN),0
VKBA 3285 KIA Sportage,0
VKBA 3406,0
VKBA 3410 Opel-Waux.,0
VKBA 3427 AUDI P,2
VKBA 3429 (32006) Citr,Fiat,Peug.,1
VKBA 3455 VW, AUDI, ŠKODA OCTÁVIA,1
VKBA 3496,0
VKBA 3499 BAHB 311424,0
VKBA 3520,VKBA 1320,0
VKBA 3522,0
VKBA 3525,0
VKBA 3554 BAH 0051 B,0
VKBA 3556 SKF,0
VKBA 3584,0
VKBA 3588 (BTF-1125 A),0
VKBA 3596 77 01 464,0
VKBA 3612,0
VKBA 3627,0
VKBA 3664 (BTHB 329129 AAE) SKF,0
VKBA 3680,0
VKBA 3690 332663,0
VKBA 3906 BAHB 636187,0
VKBA 3979 TOYOTA COROLA 71 KW,0
VKBA 529 VW, FELICIE Z,0
VKBA 529 SKF,0
VKBA 736,0
VKBA 882 BA2B 446762 B,0
VKBA 906 Seat+VW BAH 0023,0
VKBA 915 BA2B 446047 EB,4
VKBA1333 /BT18329013/0,0
VKD 35007,0
VKG 1/0,2 SKF Mazivo,0
VKM 12153,0
VKM 13244 Kladka,0
VKM 13250,0
VKM 22153,0
VKM 23213,0
VKM 23246 Kladka,0
VKMA 02383,0
VKMA 04107,0
VKPC 83425,0
VKPC 83639 Vodní pumpa,0
Vodící tyč průměr 30 délka 2,18m,0
Vratidlo 1/2" 300mm,0
Vratidlo 1/4" 106mm,0
W 6001 2RSH nerez SKF,0
W 608 2RS nerez SKF,0
W 629 2Z nerez SKF,0
WD-40 /univearzální mazivo/ 400ml,0
Wiko 02K70/10ml,0
YAR 204 2F (UC204) SKF,4
YAR 205 2F (UC205) SKF,8
YAR 206 2F (UC206) SKF,7
YAR 207 2F (UC207) SKF,10
YAR 208 2F (UC208) SKF,5
YAR 209 2F SKF,0
YAR 210-2F (UC210) SKF,8
YAR 212-2F (UC212) SKF,2
YAR 214 SKF,0
YEL 205 INA,0
YEL 205 - 2F SKF,8
YEL 206 - 2F SKF,5
YEL 207 - 2F SKF,8
YEL 208 - 2F SKF,14
YEL 208 - 2RF/VL065 SKF,1
YEL 209-2F SKF,10
YEL 210 - 2F SKF,8
YET 203/15 SKF,2
YET 204 SKF,6
YET 205 SKF,9
YET 205-100 SKF,0
YET 206 SKF,10
YET 207 SKF,8
YET 207-104 SKF,0
YET 208 SKF,13
YET 209 SKF,0
YET 210 SKF,9
YET 211-200 SKF,0
YET 211-203 SKF,0
Závitová tyč M16,0
ZKLF 2575 2RS R6,0
Zvedák - panenka 12t,0
Zvedák - panenka 6t,0
00+109.946 sroub dlata kratsi M12x34,0
0562/05175 Timken,0
062-090-10 BAUM5x7 75FPM585 Simirit,0
09067/09195 TIM,0
09074/09196 TIMKEN,0
11206 TNG,0
11208 NSK,0
114-728 2RSR,0
11590/11520,0
1200,5
1201,4
1202,5
1203,6
1204,9
1204 K,0
1205 K,3
1205 KINEX,11
1206,8
1206 NSK,0
1206 ETN9 SKF,0
1206 K,19
1207,12
1207 K,9
1208,6
1208 K,8
1209,5
1209 K,6
120.161 matka M12,0
1210,4
1210 EKTN 9 SKF,0
1210 K,4
1211,4
1211 EK TN9 SKF,0
1211 K,8
1212,6
1212 K,7
1213,7
1213 K,2
1213 K SKF,0
1213 P6,1
1216 K,0
1218 K ZKL,0
1220 K,0
127.053 matice M14,0
1301 ETN9 SKF,0
1303,0
1304,3
1304 HUNGARY,0
1305,5
1306,4
1307,7
1307 RUS,0
1307 SKF,0
1307 EKTN9 SKF,0
1307 K,9
1308,2
1308 CX,0
1308 K,6
1309,6
1309 ETN9 SKF,0
1309 ETN9/C3 SKF,0
1309 K,2
1310,3
1310 ETN9 SKF,0
1310 K,0
1311,3
1311 C3,0
1311 K,2
1312,4
1313 FLT,2
1313 K MLR,3
1315 K,0
14131/14276 Timken,0
15123/15245 TIM,0
15267 EZO,0
15267 2RS KOYO,0
15/22/28-3x30,0
16001,3
16001 2RS,2
16002,9
16002 C3,1
16002 2Z TIM,1
16003,11
16003 2RS,4
16003 2Z SKF,0
16004,12
16004 NSK,4
16004 2 Z FAG,0
16004 2Z CX,0
16005,10
16005 SKF,4
16005 2Z,0
16005 2Z FAG,0
16006,2
16006,3
16006 2Z,0
16007,5
16007 SKF,0
16008,5
16009 SKF,3
16010,2
16011,0
16011 2RS SKF,0
16012,2
16013,4
16015 P6,0
16016,0
16017 FAG,0
16017 SKF,0
16022,2
16024 FAG,0
16024 SKF,0
16028 FAG,0
16028 SKF,0
16100 NSK,0
16100 2Z SKF,0
16101 2RS TIM,1
16101-2Z,0
1726208 2RS1,0
1729 Timken,0
1779 Timken,0
1780/1729 Timken,0
20210 2RS SKF,2
203.KRR.AH02 INA,0
208 Q,1
21009 Nissan zadní kolo,0
21305 NSK,1
21306 CAW33/Kinex,3
21306 CC SKF,0
21306 CDE NSK,2
21309 (SKF,NSK),1
21309 EAE 4 NSK,0
21310 E1TVPB FAG,0
21310 E1TVPB C3 FAG,0
21311 NSK(FAG),1
21311 EAE 4 NSK(FAG),0
2200 RS,0
2200 2RS FAG,0
2201 2RS NSK,0
2201 2RS SKF,0
2204 2RS,0
2204 E-2RS1TN9 SKF,0
2205,5
2205 E-2RS1TN9 SKF,4
2205 K,4
2205 2RS CN,7
2206,7
2206 RS,0
2206 K,0
2207,6
2207 EKTN9 SKF,0
2207 E-2RS 1 TN9 SKF,0
2207 2RSTNG NSK,3
2207-2RS TNG FAG,0
2208,4
2208 EKTN9 SKF,0
2208 2RS T FAG,0
2208 2RS TNG C3 NSK,2
2208 E-2RS1TN9 SKF,2
2208 K,2
2208 2RS,2
2208 2RS ZKL,0
2208 2RS NSK,0
2209,4
2209 K,5
2209 2RS,0
2209 C3,0
2209 EW33J,0
2209 K,0
2209 Nachi,0
2210,12
2210 E-2RS 1 KTN9 SKF,0
2210 K ZKL,4
2211,4
2211 K ZKL,1
2212,6
2212 E-TN9/C3 SKF,2
2212 K,4
2213,5
2213 K,4
2214,1
2220 K,0
22205 E SKF,0
22206 E SKF,0
22206 W33,4
22207 EJW33 TIM,0
22207 E W33J,5
22207 ZKL,0
22208 CC/EJW33 TIM,0
22208 K W33 J ZKL,0
22208 W33,4
22208 W33 CX,0
22208 W33 C3 ZVL,4
22209 E CC SKF,0
22209 EJA W33,6
22209 EJW 33 TIM,0
22210 E SKF,4
22210 EW33J ZVL,15
22210 K E W33 J,1
22210 K EJW33,0
22210 W33 NKE,0
22211 KW33J,0
22211 E SKF,3
22211 EJW33,9
22211 KEJW33 NSK (TIM),1
22212 E KOYO,1
22212 E SKF,2
22212 EK SKF,0
22212 EK RHP,0
22212 EKW33 J,6
22212 E/C3 SKF,0
22212 W33 KIN,11
22212 W33J E,0
22213 EK SKF,0
22214 CAK W33 C3/TIM-TPS,0
22214 E C3 SKF,0
22214 E W33 J,2
22214 ZVL,0
22215 E W33,7
22216 W33 J,2
22216 CAKW33,1
22216 EKW33J,0
22216 EW33J,2
22216 K,0
22217 E W33J,0
22217 EK W33J,0
22217 K E SKF,0
22217 KJ,0
22218 E /C3 SKF,0
22218 EJ,0
22218 EK SKF,0
22218 HL W33 C3/RHP-NSK,0
22218 E K W33J,1
22218 K UKW33,0
22218 KW33M,0
22218 W33 JB,0
22219 W33J,0
22220 E SKF,0
22220 W33,2
22220 W33/C3,0
22220 EKW33J ZKL,0
22222 EW33J,0
22222 A JB,0
22222 JB UR,0
22222 K JB,0
22222 MB,0
22224 E SKF,0
22228 K M,0
22308 E SKF,1
22308 E CCW33J ZKL,13
22308 K JB,8
22308 KW33J ZKL,5
22308 W33 JAP,17
22308E1 FAG,0
22309,3
22309 CCW33 SKF,0
22309 E SKF,0
22309 JBC3 W33,0
22310 K W33J,1
22310 EJW33,0
22310 W33J JAP,8
22311 E SKF,2
22311 EW33J,4
22311 W33 JAP,0
22312 E SKF,0
22312 EW33 J,2
22312 KW33 J,0
22313 K W33M ZKL,2
22313 KW33 J,0
22313 N M,0
22313 W33 M,0
22313 CC W33 ZKL,1
22314 EKW33J,0
22314 E C3 SKF,0
22315 J W33,0
22316 CA W33J,2
22316 KW33 J,1
22317 EK SKF,0
22318 A,3
22318 KW33J,0
22318 W33,0
22320 EK W33J ZKL,0
22320 EW33J ZKL,0
22322 E W33J C3,0
22322 EJA/VA405,0
23022 CC/W33 SKF,0
23024 BKM,0
2303 2RS ZVL,0
2304,1
2304 2RS NSK,0
2305,4
2305 HUN,0
2305 TNGN,0
2305 2RS,0
2306,2
2306 K,0
2307,1
2307 E 2RS1TN9 SKF,0
2308,6
2308 K,0
2308 ETN9 SKF,0
2309,2
2309 E 2RS1TN9 SKF,0
2309 K,4
2309 M NSK,0
2310 SKF,0
2310 K SKF,0
2311 SKF,0
2311 K,0
2311 K SKF,0
2311 K C3 SKF,0
2311 ZKL,0
2312 C3 SKF,0
2312 ZVL,1
23120 W33J C3 NACHI,0
23120 BDI W33 NTN,0
23120 K W33J,0
23122 CCK/C3 W33 SKF,0
23124 K W33J,0
2313 K,0
2314,0
2315 K,0
23220 CC/C3W33,0
25-40-7 BAUMSKX7 SKF,0
25-42-7,0
28-40-6 BABSL SKF,0
29320,0
29322 SKF,0
29326 E NSK,0
29330 M,0
29412 M ZKL,0
29415 M ZKL,0
29420 EJ,0
30202,16
30203 J2 SKF,0
30203 A,11
30204 TIMKEN,4
30204 A,20
30204 J2/Q SKF,0
30205 A/chybí -11,25
30205 J2/Q SKF,3
30205 J2/Q -VKHB 2189,0
30206 TIMKEN,3
30206 A,9
30206 J2/Q SKF,5
30207 FAG,0
30207 NSK,0
30207 A,18
30207 J2/Q SKF,4
30208 J2Q SKF,4
30208 A,18
30209 J2/Q SKF,6
30209 A,15
30210 TIM,2
30210 A,5
30210 J/Q SKF,6
30211 A,9
30211 J/Q SKF,5
30212 A,5
30212 J/Q SKF,4
30213 J2/Q SKF,2
30213 A,4
30214 J2/Q SKF,0
30214 A,2
30215 A,4
30215 J2/Q SKF,0
30216 A,4
30216 J2/Q SKF,0
30217 A,2
30217 J2/Q FAG,0
30217 J2/Q SKF,0
30217 J2/Q TIM,0
30218 A,3
30219 E,3
30220 A,1
30221 A,0
30222 E,0
30224 A,1
30226 A,0
30230 A,0
30302 FBJ,0
30302 A,18
30303 A,18
30304 A,13
30304 J2/Q SKF,5
30305 TIM,0
30305 J2/Q SKF,2
30305 A,11
30306 J2Q SKF,2
30306 J2/Q 30x72x20,75 TIM,4
30306 A,16
30306 TPS,0
30307 A,10
30307 J2/Q SKF,0
30308 A,6
30308 A SKF,3
30309 J2Q SKF,0
30309 A,8
30310 J2/Q SKF,4
30310 A,6
30311 A,2
30312 A,2
30313 A,3
30314,0
30314 A,1
30315 A,2
309726 DA AGADOS,8
309726 DA JWB 3147 FBJ AGADOS,3
30/38/46x30/4 SB B70,0
30/6 2RS INA,0
31305 A,3
31306 A,6
31307,0
31307 SKF,4
31307 Koyo,1
31307 TIM,4
31308 NSK,0
31308 TIM,4
31308 FAG,0
31308 A,3
31309 A,2
31310 A,4
31311 FAG,0
31311 A,0
31312 A,2
31313 A,1
31314 A,0
3200,0
3200 2RS,0
32004 AX,13
32004 X/VB 014 SKF,0
32005 AX,10
32005 X/Q SKF,4
32005 X/Q SKF,0
32006 TIMKEN,4
32006 X/Q SKF,2
32006 AX,12
32006 X/Q SKF,0
32007 TIM,4
32007 X/Q SKF,2
32007 X/Q SKF,0
32007 AX,8
32008 NSK,2
32008 X/Q SKF,3
32008 X/Q SKF,0
32008 AX,16
32008 X TIM,5
32009 AX,18
3201,8
3201 2 Z,0
3201 2RS,15
3201 2Z,0
32010 AX,9
32010 X/Q SKF,6
32010 X/QCL7CVB026 SKF,0
32011 AX,3
32011 X 55x90x23 FAG,0
32011 XAA XM TIM,15
32011 XM TIM,7
32011 X/Q SKF,0
32012 TIM,0
32012 AX,3
32012 X/QCL7C SKF,0
32013 AX,4
32014 SKF,0
32014 AX,6
32014Q TIM,0
32015 AX,2
32016 AX,2
32017 AX,3
32018 AX,2
32018 X SKF,0
32019 AX,2
3202,7
3202 2RS,3
32020 AX,4
32021 X TIM,4
32022 TIM,0
32022 AX,2
32024 AX,3
3203,2
3203 ATN9 SKF,0
3203 2RS1TN9/SKF,1
3203 2RS,5
3203-BTNG NSK,0
3204,3
3204 2RS (5204) Nachi,3
3204 BD-XL-2HRS-TVH,0
3204 2RS CN,1
3205,8
3205 2 RS,7
3205 A-2RS1TN9/MT33 SKF,0
3205 A-2Z1TN9/MT33 SKF,0
3205 2RS (5205-2NS) Nachi,2
3205B.2RSR.TVH FAG,0
3206,6
3206 ATN9 SKF,0
3206 A-2RS1TN9/MT33,0
3206 B 2RSRTNG NSK,0
3206 BD 2HRS TVH FAG,0
3206 2RS,3
3206 2RS ZKL,1
3207,3
3207 ATN 9 SKF,0
3207 2RS/,2
3208,10
3208 2RS,1
3208 A 2RS1TN9/C3MT33 SKF,0
3208 C3,0
3209,5
3209 2RS,4
320/28 XJ (HR) NSK,0
3210,4
3210 SKF,0
3210 2Z TN9/MT33 SKF,0
3211,2
3212,17
3212 N,2
3213,4
3214,0
32205 A,6
32205 J2/Q SKF,4
32206 CX,0
32206 A,7
32206 J2/Q SKF,3
32207 J2 Q SKF,3
32207 J2 Q SKF,0
32207 TPS,0
32207 A,7
32208 A,6
32208 J2/Q SKF,0
32208 J2/Q 40x80x24,75 SKF,3
32209 A,5
32209 J2/Q SKF,3
32210 SKF / NSK / Timken,4
32210 A,4
32211 A,6
32211 J2 Q SKF,5
32212 A,3
32213 A,4
32213 J2 Q SKF,0
32214 A,2
32215 A,0
32215 J2 Q SKF,0
32216 A,4
32217 A,0
32218 A,5
32218 J2 /Q SKF,0
32219 A,0
32220 A,2
32221 A,0
32222 A,1
32304 TPS,0
32304 A,14
32305 A,12
32305 J2 FAG/SKF,0
32306 TIM,3
32306 J2/Q NSK,0
32306 J2/Q SKF,0
32306 30x72x28,75,0
32306 A,7
32307 A,8
32307 CZ FAG,0
32308 J2/Q 40x90x35,25 SKF,2
32308 A,9
32309 B J2 TIM,0
32309 E ZKL,5
32309 E CX,2
32309 J2,0
32310 A,2
32310 BA C6,0
32311 A,6
32311 J2 SKF,0
32312 A,2
32312 J2 Q SKF,0
32313 E,1
32314,0
32315,0
32910,0
33010 TIM,3
33014 SKF,0
33014 TIM,0
3302,4
3302 2RS,0
3302 A SKF,0
3303,3
3303 2 RS,5
3304,6
3304 2RS,5
3305,5
3305 A-2RS 1TN9 SKF,1
3305 B-2RS TNG NSK,1
3305 2RS,6
3306,6
3306 NSK,1
3306 ATN9 SKF,0
3306 2RS,6
3307,6
3307 A-2RS1TN9/MT33 SKF,0
3307 2RS,4
3307 (5307) C3 Nachi,0
330757 C/QCL7CVA606,0
3308,4
3309,0
33109 A FAG,0
33110 ROLLWAY,0
33111 A,1
33111 Q TIM,SKF,2
33118 FAG,0
33205 A,0
33207 A JAP,0
33207 Q SKF,2
33207-9TKA1 Timken,0
33207-9TKA1 Timken,0
33208 A,0
33209 NSK,0
33210 SKF,0
33211 TIM,0
33212 TIMKEN,0
33213 Q SKF,0
333 2RS,0
37425 / 37625 TIM,0
3810 2RS INA,0
382 -20024 TIM.,0
387 - A / 382 - S TIM,0
387 - A/382 A/Q SKF,0
390 A / 394 A TIM,0
395/394 A TIM,0
4 NU 09,0
4A/6 TIM,1
4T-45285/45220 NTN,0
4204 BTNG NSK,0
4204 BTNG NSK,0
4206 A TN9 SKF,0
4304 NSK,1
4306 NSK,0
4308 2RS,0
45-1120,0
50/65x50,0
511 Z 30,0
511 Z 35 (PLC 24-2),2
51100 A,3
51101 A,7
51102,17
51103,9
51104,9
51105,7
51106,8
51107,6
51108,10
51108 ROLLWAY,0
51109,7
51110,3
51111 SKF,0
51111A,10
51112,0
51113,3
51114 A,1
51115,1
51117 A,2
51118 A,1
51120,1
51122,2
51124,0
51126,0
51160 M FLT,0
51200 SKF,0
51201,0
51201 SKF,0
51202,4
51202 SKF,2
51204,7
51205,9
51206,7
51207,6
51208,3
51209 A,4
51210,1
51211,0
51212,2
51213,0
51216,0
512533,0
512533/ FAG,3
51305,2
51306,2
51307,0
51309,0
51309 SKF,2
51315,0
51406,1
51409 ZKL,0
5207 2RS Nachi,0
52202,4
52206,1
52207 S 214,4
543301,1
562398AA FAG,0
5972 Si Loctite,0
6000 2RSH SKF,11
6000 2RSH NSK,0
6000 2RSH NSK,0
6000 2RSH C3 SKF,15
6000 A,19
6000 C3 SKF,8
6000 C3 KIN,15
6000 RS NACHI,21
6000 2RS,59
6000 2Z,30
6000 2Z SKF,8
6000 2Z CX,0
6000 2Z Nachi,17
6000 2Z/C3 SKF,6
6001 C3,14
6001 2RSH/C3 SKF,18
6001 A,17
6001 2RS,33
6001 2RSH NSK,12
6001 2RSH SKF,9
6001 2RSR Nachi,12
6001 2RS,1/2,10
6001 2Z,22
6001 2Z Nachi,48
6001 2Z SKF,20
6001 2ZZ/C3 NSK,8
6002 SKF,7
6002 A,27
6002 C3 SKF,7
6002 2RS,50
6002 2RS NSK,15
6002 2RS NR NSK,4
6002 2RS SS nerez,0
6002 2RS C3 NSK,0
6002 2RSH SKF,8
6002 2RSH Nachi,15
6002 2RSH/ C3 SKF,12
6002 2RSR FAG,1
6002 2Z,17
6002 2Z SKF,14
6002 2Z NR NSK,1
6002 2Z C3 SKF,8
6002 2Z/ Nachi,28
6003,4
6003 A,24
6003 C3,4
6003 2RS,40
6003 2RS C3 SKF,9
6003 2RSH Nachi,24
6003 2RSH SKF,8
6003 2Z,31
6003 2Z Timken,4
6003 2Z C3 Nachi,10
6003 2Z Nachi,22
6003 2ZR SKF,15
6004 Nachi,3
6004 NSK,4
6004 SKF,10
6004 2RSH SKF,14
6004 A,50
6004 C3,18
6004 N,10
6004 2RS,32
6004 2RS Nachi,26
6004 2RS SS Japan,0
6004 2RSH NSK,7
6004 2RSH/ C3 SKF,16
6004 2RSH/SS NEREZ,0
6004 2RSR FAG,3
6004 2Z,24
6004 2Z COD,0
6004 2Z Nachi,26
6004 2Z NSK,8
6004 2ZR SKF,2
6004 2Z/C3 FAG,0
6004 2Z/C3 SKF,0
6005 NSK,7
6005 SKF,12
6005 A,23
6005 2RS,20
6005 2RS Nachi,15
6005 2RS SKF,7
6005 2RS C3,18
6005 2RS C3 SKF,12
6005 2RS C4 SKF,0
6005 2RSR FAG,0
6005 2Z,22
6005 2Z SKF,14
6005 2Z Nachi,24
6005 2Z P6,10
6006 N SKF,1
6006 A,15
6006 C3,13
6006 C3 TIM SKF,8
6006 Q SKF,11
6006 ZZNR NSK,0
6006 2RS,47
6006 2RSH TIM, SKF,8
6006 2RSR Nachi,56
6006 2RS1/C3 Nachi,10
6006 2RS1/C3 SKF,9
6006 2RS/C3,0
6006 2Z,27
6006 2ZR SKF,8
6006 2Z/C3 SKF/TIM,20
6007 2RS/C3 NSK,10
6007 A,27
6007 N,0
6007 Q SKF,9
6007 2RS,22
6007 2RS SKF,11
6007 2RSR Nachi,28
6007 2Z,10
6007 2Z C3 SKF,9
6007 2ZR SKF,5
6008 SKF,4
6008 2RSR NSK,8
6008 2RSR Nachi,6
6008 2RS1 SKF,4
6008 2Z SKF,10
6008 2Z TIM,2
6008 A,15
6008 C3,5
6008 N,1
6008 2RS,16
6008 2RS C3 Nachi,2
6008 2RS P6,15
6008 2Z,39
6008 2Z C3,7
6008 2Z C3 Nachi,2
6009 A,12
6009 C3,3
6009 N,6
6009 2RS,21
6009 2RS Nachi,17
6009 2RS SKF,10
6009 2RS C3 SKF,10
6009 2Z,18
6009 2Z C3,0
6010 NEU,0
6010 SKF,4
6010 Nachi,4
6010 A,12
6010 N,5
6010 1Z,2
6010 2RS,15
6010 2RS SKF,7
6010 2RS Nachi,9
6010 2RS C3,3
6010 2Z,20
6010 2Z SKF,0
6010 2Z C 3,0
6011 FAG,0
6011 SKF,4
6011 2RS SKF,3
6011 A,6
6011 2RS,5
6011 2RS C3,0
6011 2Z,4
6012 Nachi,6
6012 A,7
6012 Q SKF,8
6012 TIM,2
6012 2RS,6
6012 2RS/NSK/Nachi,4
6012 2Z,4
6013,8
6013 SKF,6
6013 2RS,11
6013 2RS SKF,7
6014 A,5
6014 AN,0
6014 AP6,0
6014 2RS,5
6014 2Z,0
6015 ROM,1
6015 A,3
6015 2RS,2
6015 2Z,0
6016 A,4
6016 2RS,4
6016 2Z,4
6017 SKF,0
6017 A,2
6017 2RS,1
6017 2RSR FAG,0
6017 2Z,2
6018 2RS SKF,2
6018 A,2
6018 2Z,4
6019 A,2
6020 A,4
6020 2Z,5
6020 2ZZ NSK,1
6021 A,2
6022,2
6024,0
6024 2RS,1
6024 2Z,0
6026 A,0
6026 2 Z,0
6030,0
604 2Z,15
605 2Z EZO,18
606 2 Z EZO,26
606 2RS EZO,10
606 2RS CX,0
606 2Z JAP,0
607,10
607 C3,0
607 2RS,17
607 2RS SKF,15
607 2RS EZO,10
607 2Z,17
607 2Z SKF,18
607 2Z TIM,0
608,22
608 2RS EZO,5
608 2RS SKF,6
608 2RS FAG,7
608 2Z FAG,0
608 2Z SKF,19
608 2Z TIM,10
608 2Z EZO,10
608 2RS,27
608 2RS SS nerez,0
608 2Z,11
608 2Z CX,0
609 2RS FAG,0
609 2RS SKF/TIM/NSK,20
609 A,18
609 2 RS/C3 SKF,0
609 2 Z SKF,26
609 2RS,21
609 2Z,25
60/22 2RS NSK,2
60/22 2RS NTN,1
60/28 2RS NSK,2
60/32 NSK,0
616 2Z JP(696 A ZZ),0
61800 2 ZZ (6800) Nachi,5
61800 2RS TIM,1
61800 2RS (6800 2RS),13
61800 2RS SS nerez,0
61800 2Z/6800 2Z,0
61801 2RS (6801 2RS),12
61801 2RS (6801 2RS) NSK,9
61802 2RS (6802 2RS),10
61802 2RS TIM/NSK,5
61802 2Z (6802 2Z),7
61803 2RS TIM,13
61803 2RS (6803 2 RS),16
61804 2RS NSK,4
61804 2RS TIM,16
61804 2RS (6804 2RS),14
61805 2RS (6805 2RS) TIM,15
61805 2RS (6805 2RS),24
61806 2RS (6806 2RS) NSK,5
61806 2RS (6806 2RS) ELG,12
61807 2RS (68072RS),7
61807 2RS (6808 2RS) TIM,4
61808 2RS (6808 2RS) TIM,4
61808 2RS (6808 2RS),18
61808 2RS SKF/6808 RS SKF,8
61810 2RS Y ELGES,0
61811 2RS1,0
61816 /6816 2RS/FBJ,0
61828 (6828) NSK,0
618/4 EZO,0
618/4 ZZ MTM,2
618/6 SKF,0
618/9 SKF,0
61900 2RS (6900 2RS),22
61900 2RS (6900 2RS) WD,0
61900 2RS (6900) EZO,15
61900 2RS (6900) TIM,10
61900 2Z (6900 2Z),11
61900 2Z (6900) NSK,11
61900 2Z (6900) EZO,7
61901 2RS (6901 2RS),14
61901 2RS (6901) NSK,9
61902 2RS (6902 2RS),18
61902 2RS (6902 2RS) WD,3
61902 2RS (6902) EZO,1
61902 2RS (6902) NSK,3
61902 2RS (6902) TIMKEN,9
61903 2RS (6903 2RS),21
61903 2RS 6903 NSK,7
61903 2RS 6903 TIM,11
61903 2Z 6903 NSK,4
61903 2Z 6903 TIM,0
61903 2Z (6903),0
61904 2RS (6904 2RS),16
61904 2RS (6904 2RS) NSK,10
61904 2Z (6904 2Z),14
61905 (6905) NSK,6
61905 2RS (6905 2RS),12
61905 2RS (6905 2RS) NSK,4
61905 2ZZ (6905 2ZZ),10
61906 (6906) NSK,0
61906 2RS (6906 2RS),14
61906 2RS1 (6906) NSK,7
61906 2RS1 (6906) SKF,0
61907 2RS (6907 2RS),6
61907 2RS1 (6907) NSK,2
61907 2Z (6907 2Z),15
61908 NSK,1
61908 2RS EZO,5
61908 2Z (6908 2Z),4
61908( 6908) 2RS,8
61909 2RS NSK,0
61909 (6909) 2RS FBJ,5
619/4 2RS,0
619/5 2Z SKF,0
619/8 2RS,3
6200 /C3 SKF,0
6200 A,23
6200 A CX,0
6200 2RS,70
6200 2RS Nachi,26
6200 2RSH SKF,14
6200 2Z,21
6200 2Z SKF,7
6200 2Z C3 SKF,10
6200 2Z C3,0
6201 C3,22
6201 A,33
6201 ZZ Nachi,19
6201 2RS,73
6201 2RS CX,0
6201 2RS C3 NSK,9
6201 2RSH Nachi,29
6201 2RSH SKF,NKE,7
6201 2RSH TIMKEN,3
6201 2RSH C3 TIM,10
6201 2RSR FAG,5
6201 2Z,37
6201 2Z CX,0
6201 2Z FAG,3
6201 2Z SKF,6
6201 2Z Nachi,5
6201 2Z C3 NSK,7
6201 2Z C3 TIMKEN,2
6201 2Z C3 SKF,8
6201 2Z C3 Nachi,5
6201 2ZNR SKF NSK,0
6202 A,19
6202 A C3,23
6202 C3 SKF/NSK,13
6202 C3 TIM,4
6202 C3 Nachi,13
6202 2RS,59
6202 2RS CX,0
6202 2RS NSK,9
6202 2RS C3 SKF,10
6202 2RS C3,19
6202 2RSC3 TIM+NSK,9
6202 2RSR Nachi,18
6202 2RSR C3 Nachi,5
6202 2RS1 SKF,4
6202 2Z,25
6202 2Z CX,0
6202 2Z Nachi,31
6202 2Z SKF,9
6202 2Z C3 SKF,4
6202-16 2RS NEU,14
6202-1/2 2RS,0
6202-5/8" 2rs,0
6203 SKF,6
6203 Nachi,6
6203 C3 SKF / NSK,12
6203 C3,0
6203 2Z C3 TIM,2
6203 A,27
6203 A C3,17
6203 N,6
6203 2RS,31
6203 2RS Nachi,35
6203 2RS SKF,26
6203 2RS C3 Nachi,12
6203 2RS1 C3 SKF,7
6203 2RS/C3,5
6203 2Z,48
6203 2Z SKF,9
6203 2Z Nachi,8
6203 2Z /C3,10
6203 2ZR C3 NSK,9
6203 2ZR C3 SKF,13
6203 - 16 2RS,6
6204 SKF,0
6204 C3,14
6204 C3 SKF,8
6204 C3 Nachi,3
6204 A,48
6204 C3 NSK,9
6204 C3 TIM,9
6204 N,2
6204 2RS,39
6204 2RS Nachi,23
6204 2RS NSK,0
6204 2RS SKF,9
6204 2RS TIM,0
6204 2RS COD,0
6204 2RS C3 SKF,4
6204 2RSR/C3 Nachi,3
6204 2Z,55
6204 2Z SKF,8
6204 2Z Nachi,21
6204 2Z C3 Nachi,5
6204 2Z C3 SKF,5
6204 2Z C3 TIM,4
6205,23
6205 Nachi,9
6205 SKF,8
6205 TIMKEN,4
6205 C3,24
6205 C3 TIM / NSK,5
6205 N,8
6205 2RS,50
6205 2RS CX,0
6205 2RS NSK,10
6205 2RS TIMKEN,2
6205 2RS Nachi,44
6205 2RS C3,4
6205 2RS C3 NSK,12
6205 2RS K SKF,2
6205 2RSH SKF,1
6205 2RSR TIM,1
6205 2RS1 C3 SKF,12
6205 2RS-1 palec,1
6205 2RS/C3 Nachi,3
6205 2Z,38
6205 2Z,0
6205 2Z SKF,7
6205 2Z Nachi,16
6205 2Z C3 Nachi,15
6205 2Z/C3 SKF,7
6206 SKF,7
6206 Nachi,0
6206 C3 TIM / NSK,6
6206 A,28
6206 A,0
6206 C3,0
6206 K,0
6206 N,10
6206 2 RS1 SKF,10
6206 2RS,30
6206 2RS Nachi,13
6206 2RS C3,6
6206 2RS C3 NSK,1
6206 2RS C3 SKF,8
6206 2RSR.C3 Nachi,10
6206 2Z,14
6206 2Z SKF,14
6206 2Z CX,0
6206 2Z Nachi,15
6206 2Z P6,9
6206 2ZR C3 SKF,10
6206 2Z/C3 TIM,9
6207 CM NSK,0
6207 A,27
6207 C3,0
6207 C3 SKF,2
6207 C3 Nachi,9
6207 N,6
6207 N C3 SKF,5
6207 Q SKF,11
6207 ZNR,0
6207 2RS,26
6207 2RS FAG,0
6207 2RS C3 Nachi,18
6207 2RS Nachi,10
6207 2RS1 SKF,2
6207 2RS/C3 NSK,5
6207 2RS/C3 SKF,4
6207 2Z,33
6207 2Z TIM,1
6207 2Z Nachi,12
6207 2ZR FAG,0
6207 2Z/C3,0
6207 2Z/C3 SKF,6
6208,18
6208 SKF,5
6208 K 2RS,0
6208 N,5
6208 N C3 SKF,0
6208 2RS,16
6208 2RS FAG,0
6208 2RS Nachi,15
6208 2RS C3,10
6208 2RS C3 /TIMKEN/SKF,10
6208 2RS1 SKF,2
6208 2RS1TN9/C3VE167 SKF,0
6208 2RS/C3 TIM,4
6208 2Z,11
6208 2Z SKF,6
6208 2Z C3 Nachi,14
6208 2Z/C3 TIM,2
6208 /C3VE167 SKF,3
6209 SKF,3
6209 /NSK/Nachi,10
6209 A,7
6209 AN,0
6209 C3,0
6209 K2RS C3,4
6209 TB P6,1
6209 2RS,8
6209 2RS Nachi,11
6209 2RS SKF,1
6209 2Z,6
6209 2Z SKF,0
6209 2Z C3 SKF,6
6210 SKF,2
6210 2RS SKF,2
6210 2RS C3 SKF,3
6210 2RS Nachi,5
6210 A,13
6210 C3 /TIM,0
6210 N,8
6210 2RS,14
6210 2RS K,1
6210 2Z,15
6211 SKF,7
6211 2RS SKF,1
6211 A,11
6211 K URB,0
6211 N,4
6211 P6,0
6211 2RS,8
6211 2RS Nachi,4
6211 2Z Nachi,0
6211 2ZR,4
6212 C4 Nachi,0
6212 2RS Nachi,4
6212 A,6
6212 K,0
6212 N,2
6212 2RS,8
6212 2RS1 SKF,2
6212 2Z,6
6212-2Z SKF,2
6212-2Z C3 NSK,2
6213 2RS SKF,4
6213 A,9
6213 A 2RS,2
6213 AZ,0
6213 K N,1
6213 N,0
6213 TB P6,1
6213 2Z,2
6214 A,3
6214 2RS,5
6214 2 RS SKF,0
6215 2Z SKF,0
6215 A,1
6215 C3 SKF,0
6215 2Z,0
6216 2Z C3 SKF,0
6216 A,2
6216 2RS,4
6216 2Z,3
6217 A,2
6218 C3 SKF,0
6218 A,2
6218 C3,0
6219,1
6219 C3,0
6220 A,3
62201,0
62201 2 RS,4
62201 2RSR JAF/Nachi,5
62201 2RS1 SKF,3
62202 2RS,0
62202 2RS NSK,1
62202 2RS Timken,2
62203 2RS,3
62204 2RS FAG,1
62204 2RS TIMKEN,0
62205 2RS,4
62205 2RS SKF,2
62205 2RSR FAG,0
62206 2RS1 30x62x20 SKF,3
62207 2RS SKF,0
6222 SKF,0
6224 C3,0
6224/C3 NSK,2
6226 A,0
623 2Z,7
62302 2RSR FAG,0
62302 2RSR SKF,8
62303 2RS,2
62303 2RS1 SKF,1
62304 2RS1 SKF,1
62305 2RS SKF,0
624,13
624 2RS,17
624 2RS SKF,7
624 2Z,6
624 2Z /SKF/TIM,14
625,10
625 2RS,13
625 2RS SKF,10
625 2Z,15
625 2Z TIM,11
626 A,14
626 2RS,18
626 2RS SKF / TIM,12
626 2RS SS nerez EZO,0
626 2RS SKF,8
626 2Z,25
626 2Z TIM,23
626 2Z CN,0
627 A,0
627 2 RS TIM,10
627 2RS,16
627 2RS TIM,0
627 2Z,15
627 2Z TIM,15
628 2 RS,24
628 2Z TIM,11
628 2Z WD,32
629 A,4
629 2RS,12
629 2RS CX,0
629 2RS NSK,16
629 2Z,24
629 2Z TIM,12
62/22 2RS (22x50x14) SKF,0
62/22 2RS (22x50x14) NSK,1
62/28 NR (28x58x16) NSK,0
62/28 2RS (28x58x16) NSK,4
62/32 2RS (32x65x17) NSK,4
6300 2RS SKF,11
6300 A,14
6300 2RS,41
6300 2Z,18
6300 2Z SKF,4
63001 2RS NSK/TIMKEN,4
63003 2RS,2
63003 2RS SMT,2
63004 2RS,3
63004 2RS SKF,2
63005 2RS,3
63005 2RS TIM,7
63007 2RS SKF,0
6301 A,25
6301 2RS,22
6301 2RS C3,6
6301 2RSH Nachi,16
6301 2RSH SKF,11
6301 2Z,27
6301 2Z,0
6302 NSK,2
6302 A,19
6302 C3,18
6302 Q SKF,10
6302 2RS,49
6302 2RS NSK,15
6302 2RS SKF,12
6302 2RS Nachi,29
6302 2RS CN,0
6302 2RS /C3 Nachi,7
6302 2RS/C3,10
6302 2RS/C3 /SKF/NSK,14
6302 2Z,33
6302 2Z SKF,7
6302 2Z Nachi,22
6302 2Z C3 Nachi,12
6302 2Z/C3 NSK,1
6302/17RS,8
6303 SKF,11
6303 A,33
6303 C3,19
6303 C3 NSK / SKF,10
6303 N,4
6303 2RS,40
6303 2RS SKF,13
6303 2RS NSK,0
6303 2RS Nachi,25
6303 2RS C3 NSK,16
6303 2RS C3 SKF,11
6303 2RS C3 Nachi,12
6303 2Z,39
6303 2Z Nachi,10
6303 2Z SKF,11
6304 NR SKF,12
6304 Q SKF,2
6304 2Z C3 SKF,12
6304 A,20
6304 C3,6
6304 C3 NSK,10
6304 C3 SKF,2
6304 C4 NSK,0
6304 N,0
6304 2RS,16
6304 2RS NSK,8
6304 2RS Nachi,16
6304 2RS C3,3
6304 2RS C4 NSK,4
6304 2RSH SKF,8
6304 2RS/C3 SKF,5
6304 2RS/C3 Nachi,10
6304 2Z,12
6304 2Z SKF,10
6304 2Z C3,5
6304 2Z C3 Nachi,8
6304 2Z Nachi,8
6305 Nachi,13
6305 SKF,TIM,11
6305 C3 TIMKEN,0
6305 C3 KOYO,5
6305 A,12
6305 A C3,10
6305 C3 NSK,6
6305 C3 SKF,0
6305 N,9
6305 N SKF,2
6305 NR NSK,2
6305 2RS,23
6305 2RS FAG,0
6305 2RS Nachi,18
6305 2RS C3,10
6305 2RS C3 NSK,2
6305 2RS1 SKF,14
6305 2RS1 C3 Nachi,10
6305 2RS1 C3 SKF,6
6305 2RS1 C3 NSK,8
6305 2Z,28
6305 2Z SKF,15
6305 2Z C3 SKF,5
6305 2Z C3,8
6305 2Z C3 NSK,0
6306 SKF,9
6306 2ZR/ C3 SKF,8
6306 2 RS SKF,11
6306 A,18
6306 N,3
6306 NR SKF,1
6306 Z,5
6306 2 RS C3 Nachi,9
6306 2RS,29
6306 2RS Nachi,11
6306 2RS C3,10
6306 2Z,23
6306 2Z C3,5
6306 2ZR SKF,0
6306 2ZZ Nachi,20
6307 SKF,6
6307 2RS SKF,5
6307 2RSR Nachi,3
6307 2Z SKF,3
6307 A,9
6307 N,5
6307 ZN,4
6307 2RS,22
6307 2RS Nachi,2
6307 2RS C3 TIM,3
6307 2Z,12
6307 2ZR/C3,4
6307 2Z/C3 SKF/FAG,3
6307 /C3 SKF,0
6308 SKF,3
6308 A,17
6308 C3,0
6308 N,3
6308 P6,0
6308 2RS,16
6308 2RS CX,0
6308 2RS C3(DDUC3E),11
6308 2RS1 SKF,5
6308 2RS1 TIM,1
6308 2RS1 Nachi,6
6308 2RS1 C3 NSK+SKF,3
6308 2Z,14
6308 2Z Nachi,0
6308 2Z/C3 SKF,0
6309 TIM,2
6309 NSK,0
6309 2RS SKF,2
6309 A,4
6309 A N,4
6309 2 Z C3 NSK,0
6309 2RS,7
6309 2RS Nachi,3
6309 2Z,12
6309 2Z/C3,0
63090F otocne dlato leve,0
6310 SKF,4
6310 A,7
6310 AV NILOS,0
6310 N,3
6310 TB P6,0
6310 2RS,23
6310 2RS1 SKF,3
6310 2RS1 C3 SKF,0
6310 2Z,6
6310 2Z SKF,1
6311 A,4
6311 A NSK,4
6311 AN,3
6311 C3 SKF,0
6311 TB P6,0
6311 Z,0
6311 2RS,8
6311 2Z SKF,0
6312 2Z,2
6312 A,1
6312 2RS Nachi,1
6312 2RS1 SKF,0
6312 2RS/+FK,6
6312 2Z TIM/FK,0
6313 C3 SKF,0
6313 2Z C3,0
6313 A,3
6313 N,0
6313 P63,0
6313 2RS,2
6314 N,0
6314 2RS,1
6314 A,0
6314 C2,0
6314 2Z,0
6315 2Z C3,0
6315 A,0
6315 A 2Z,1
6315 A 2Z C3,1
6315 AN,0
6315 2Z,0
6316 2RS SKF,0
6316 2Z C3,0
6316 A,0
6316 C3 ZVL,0
6317 A,2
6318 A,0
6319 C3 SKF,0
635 2RS,10
635 2Z,8
635 2Z TIM,5
636 2Z NSK,5
636 2Z TIM,2
638 2Z EZO,8
63800 2ZZ EZO,0
63/22 2RS (DDU) (22x56x16) NSK,2
63/22 C3 (22x56x16) KOYO,0
63/28 (28x68x18) NSK,0
63/28 C3 (28x68x18) NSK,1
63/28 C3 (28x68x18) NTN,0
6403,3
6403 RS,1
6404,5
6405,4
6405 N,0
6405 2Z,0
6406,7
6406 N,0
6406 2Z P6 CX,0
6407,4
6407 SKF,4
6407 FAG,0
6407 HUNGAR,0
6408,3
6409 MAĎ,2
6409 ZKL,2
6409 SKF,0
6409 N,2
6410,9
6411,3
6412 SKF,0
6412 A,0
6413,1
6414,1
6415,7
6416 ZKL,0
679 SS/2Z EZO,0
67+53090F <53090> otocne dlato prave,0
6800 2RS,0
6812 2RS,0
683 ZZ EZO Japan,0
68305,0
684 ZZ,5
684 2Z EZO Japan,11
685 ZZ EZO,0
686 EZO,0
686 2RS EZO,9
686 2Z,0
686 2Z EZO,6
687,0
687 2Z EZO,19
687 2Z EZO,3
688 2 RS,8
688 2Z EZO,20
689 EZO,0
6900 2 RS EZO,0
6901 2RS L,0
6909 2Z Nachi,0
6912 2Z NSK,0
693 2 Z EZO,5
694 2 Z EZO,10
694 2RS EZO,0
694 2Z NSK,4
695/ 619 2 RS,10
695/ 619 2 Z Nerez,3
695/619 2Z EZO,4
696 2 RS,0
696 2 Z EZO,10
696 2 Z A EZO,0
697 2 RS (619/7 RS) NSK,9
698 2Z NSK,2
698 2Z WD,15
699 2RS NSK,3
6/16 2Z,0
7005 CTRDUL P3,0
7006 CTRDUL P3,0
7013 CD P4 A SKF,0
7020 CD/P4AGBA SKF,0
7022 ACD/C4ATBTA SKF,0
70591,0
71906 CD/P4A SKF,0
71912 ACDGA/P4A SKF,0
7201 BE TNG,0
7202,2
7202 B,0
7203 AA,5
7203 BTVP FAG,0
7204 DKF,0
7204 AA,4
7204 BEP SKF,0
7205 AA,5
7205 CTRSUL P3 NSK,0
7205-CB-T-P4S-UL FAG,0
7206 B,1
7207 B,1
7208 B SKF,2
7208 AA,2
7208 B,1
7209 AA,4
7209 ATB P5 ZKL,0
7210 AA,4
7210 CTRSUL P3 NSK,0
7211 AA,3
7211 AATB,2
7211 BEP,0
7211 CATB P4,0
7212,2
7212 CAT P5,0
7213,1
7213 CATB P4,0
7215 CATB -5,1
7217 CATB-5,1
73006 ostri 18" prave,0
73007 ostri 18" leve,0
7302 SKF,1
7303 AA,0
7303 BEAT85,0
7304 B,3
7304 BTP FAG,1
7305 BTNGBP DKF,2
7305 BTP5 FAG,16
7306,0
7308,1
7312 BECBP SKF,0
7723 A-KUŽELÍK,0
7805,2
7805 - kuželík,0
7902 2RS NSK,0
7909 K1 SSSR,7
7926 A5TRSULP3 NSK,0
8 dílná souprava šroubováků,0
800179D AUDI, VW, OCTAVIA- Z,0
800738 KIA SORENTO FAG,0
801136 Octavia P FAG,0
801191 AD FABIA Z,0
803636 EA FABIA P Klasik,2
806078,2
8105 AXI.,0
8111 USSR,0
81120 TN,0
81210 TN INA,0
8208 USSR,0
949100-3360,0
949100-3820,0
99502 H,0
.......,0
........,0
,,,,,,,,,0
,,,,,,,,,,,2
????,0
???????,0
???????,0
???????,0
????????,0
????????,0
????????,0
??????????,0
??????????,0
??????????,0
??????????,0
???????????,0
????????????,0
?????????????,0
????????????????,0
????????????????,0
????????????????,0
??????????????????,0
??????????????????,0
???????????????????,0
???????????????????,0
???????????????????????,0
:::::::::,0
----------,0
__________,0
___________,0
____________,0

